Fechas,Hashtags,Enlaces,Cantidad
03/2020,FelizViernes,http://twitter.com/search?q=%23FelizViernesATodos,11011
03/2020,FelizViernes,http://twitter.com/search?q=%23FelizViernesATodos,23599
03/2020,FelizViernes,http://twitter.com/search?q=%23FelizViernesAtodos,24999
03/2020,FelizViernes,http://twitter.com/search?q=%23FelizViernesAtodos,25703
05/2020,FelizViernes,http://twitter.com/search?q=%23FelizViernesAtodos,13974
05/2020,FelizViernes,http://twitter.com/search?q=%23FelizViernesAtodos,14173
05/2020,FelizViernes,http://twitter.com/search?q=%23FelizViernesAtodos,14387
05/2020,FelizViernes,http://twitter.com/search?q=%23FelizViernesAtodos,14575
05/2020,FelizViernes,http://twitter.com/search?q=%23FelizViernesAtodos,14602
05/2020,FelizViernes,http://twitter.com/search?q=%23FelizViernesAtodos,14362
05/2020,FelizViernes,http://twitter.com/search?q=%23FelizViernesAtodos,13880
05/2020,FelizViernes,http://twitter.com/search?q=%23FelizViernesAtodos,13256
05/2020,FelizViernes,http://twitter.com/search?q=%23FelizViernesATodos,12028
05/2020,FelizViernes,http://twitter.com/search?q=%23FelizViernesATodos,12243
05/2020,FelizViernes,http://twitter.com/search?q=%23FelizViernesATodos,12411
06/2020,FelizViernes,http://twitter.com/search?q=%23FelizViernesATodos,19003
07/2020,FelizViernes,http://twitter.com/search?q=%23FelizViernesATodos,10730
07/2020,FelizViernes,http://twitter.com/search?q=%23FelizViernesATodos,15184
07/2020,FelizViernes,http://twitter.com/search?q=%23FelizViernesATodos,15451
07/2020,FelizViernes,http://twitter.com/search?q=%23FelizViernesATodos,15555
07/2020,FelizViernes,http://twitter.com/search?q=%23FelizViernesATodos,15492
07/2020,FelizViernes,http://twitter.com/search?q=%23FelizViernesATodos,15334
06/2020,FelizViernes,http://twitter.com/search?q=%23FelizViernesATodos,19003
07/2020,FelizViernes,http://twitter.com/search?q=%23FelizViernesATodos,10730
07/2020,FelizViernes,http://twitter.com/search?q=%23FelizViernesATodos,15184
07/2020,FelizViernes,http://twitter.com/search?q=%23FelizViernesATodos,15451
07/2020,FelizViernes,http://twitter.com/search?q=%23FelizViernesATodos,15555
07/2020,FelizViernes,http://twitter.com/search?q=%23FelizViernesATodos,15492
07/2020,FelizViernes,http://twitter.com/search?q=%23FelizViernesATodos,15334
09/2020,FelizViernes,http://twitter.com/search?q=%23FelizViernesATodos,10705
